binder_name,binder_sequence
2vsm,IVLEPIYWNSSNSKFLPGQGLVLYPQIGDKLDIICPKVDSKTVGQYEYYKVYMVDKDQADRCTIKKENTPLLNCAKPDQDIKFTIKFQEFSPNLWGLEFQKNKDYYIISTSNGSLEGLDNQEGGVCQTRAMKILMKVGHH
3d12,SLEPVYWNSANKRFQAEGGYVLYPQIGDRLDLLCPRARPPGPHSSPSYEFYKLYLVEGAQGRRCEAPPAPNLLLTCDRPDLDLRFTIKFQEYSPNLWGHEFRSHHDYYIIATSDGTREGLESLQGGVCLTRGMKVLLRVGQ
6vy5,EVQLLESGGGLIQPGGSLRLSCAASGFTFSRFTMSWVRQPPGKGPEWVSGISGSGGHTYYADSVKGRFTISRDNSKNTLYLQMNSLKAEDTAVYYCAKDGFVGQQLMRRGPWWFDPWGQGTLVTVSSASTKGPSVFPLAPSSKSTSGGTAALGCLVKDYFPEPVTVSWNSGALTSGVHTFPAVLQSSGLYSLSSVVTVPSSSLGTQTYICNVNHKPSNTKVDKKVEPKSC:SYVLTQPPSVSVAPGQTARISCGGNNIGNKGVHWYQQKPGQAPVVVVYDDSDRPSGIPERFSGSNSGNTATLTISRVEAGDEADYYCQVWDSSSDHVVFGGGTKLTVLGQPKANPTVTLFPPSSEELQANKATLVCLISDFYPGAVTVAWKADGSPVKAGVETTKPSKQSNNKYAASSYLSLTPEQWKSHRSYSCQVTHEGSTVEKTVAPTECS
7txz,DIVLTQSPASLAVSLGQRATISCRASESVHDYGISFMNWFQQKPGQPPKLLIYSASNQGSGVPARFSGSGSGTDFSLNIHPMEEDDIAMYFCQQSKEVPYTFGGGTKLEIKRADAAPTVSIFPPSSEQLTSGGASVVCFLNNFYPKDINVKWKIDGSERQNGVLNSWTDQDSKDSTYSMSSTLTLTKDEYERHNSYTCEATHKTSTSPIVKSFNRNEC:EVKLEESGGGLVQPGGSMKLSCVASGFSFSYYWMNWVRQSPEKGLEWVAEIRLKSNNYGTHYAESVKGRFTISRDDSKSSVYLQMNNLRPEDTGIYYCTRVITTVFAYWGQGTLVTVSAAKTTPPSVYPLAPGSAAQTNSMVTLGCLVKGYFPEPVTVTWNSGSLSSGVHTFPAVLQSDLYTLSSSVTVPSSTWPSETVTCNVAHPASSTKVDKKIVPRDCGCKPCICTVPEVSSVFIFPPKPKDVLTITLTPKVTCVVVDISKDDPEVQFSWFVDDVEVHTAQTQPREEQFNSTFRSVSELPIMHQDWLNGKEFKCRVNSAAFPAPIEKTISKTKGRPKAPQVYTIPPPKEQMAKDKVSLTCMITDFFPEDITVEWQWNGQPAENYKNTQPIMDTDGSYFVYSKLNVQKSNWEAGNTFTCSVLHEGLHNHHTEKSLSHSPGKGGSGGGSWSHPQFEK
7ty0,DIVLTQSPASLAVSLGQRATISCRASESVHDYGISFMNWFQQKPGQPPKLLIYSASNQGSGVPARFSGSGSGTDFSLNIHPMEEDDIAMYFCQQSKEVPYTFGGGTKLEIKRADAAPTVSIFPPSSEQLTSGGASVVCFLNNFYPKDINVKWKIDGSERQNGVLNSWTDQDSKDSTYSMSSTLTLTKDEYERHNSYTCEATHKTSTSPIVKSFNRNEC:EVKLEESGGGLVQPGGSMKLSCVASGFSFSYYWMNWVRQSPEKGLEWVAEIRLKSNNYGTHYAESVKGRFTISRDDSKSSVYLQMNNLRPEDTGIYYCTRVITTVFAYWGQGTLVTVSAAKTTPPSVYPLAPGSAAQTNSMVTLGCLVKGYFPEPVTVTWNSGSLSSGVHTFPAVLQSDLYTLSSSVTVPSSTWPSETVTCNVAHPASSTKVDKKIVPRDCGCKPCICTVPEVSSVFIFPPKPKDVLTITLTPKVTCVVVDISKDDPEVQFSWFVDDVEVHTAQTQPREEQFNSTFRSVSELPIMHQDWLNGKEFKCRVNSAAFPAPIEKTISKTKGRPKAPQVYTIPPPKEQMAKDKVSLTCMITDFFPEDITVEWQWNGQPAENYKNTQPIMDTDGSYFVYSKLNVQKSNWEAGNTFTCSVLHEGLHNHHTEKSLSHSPGKGGSGGGSWSHPQFEK
8ja5,DVLMTQTPLSLPVSLGDQASISCRSSQSIVHSNGNTYLEWYLQKPGQSPQLLIYKVSNRFSGVPDRFSGSGSGTDFTLKINRVEAEDLGLYYCFQASHVPYTFGGGTKLEIKRTVAAPSVFIFPPSDEQLKSGTASVVCLLNNFYPREAKVQWKVDNALQSGNSQESVTEQDSKDSTYSLSSTLTLSKADYEKHKLYACEVTHQGLSSPVTKSAAA:QVQLKESGPGLVAPSQSLSITCTVSGFSLTSYDISWIRQPPGKGLEWLGVIWTGGVTNYNSAFLSRLSISKDNSKSQVFLKMNSLQTDDTAIYYCVREGDWFFDVWGAGTTVTVSSASTKGPSVFPLAPSSKSTSGGTAALGCLVKDYFPEPVTVSWNSGALTSGVHTFPAVLQSSGLYSLSSVVTVPSSSLGTQTYICNVNHKPSNTKVDKKVEPKSCDKTHTCPPHHHHHH
8k0c,DIQMTQSPSSLSASVGDRVTITCRASQGIIDYLSWYQQKPGKAPKLLISTASNLESGVPSRFSGSGSGTEFTLTISSLQPEDFATYSCLQGYTTPYTFGQGTKVEIKTVAAPSVFIFPPSDEQLKSGTASVVCLLNNFYPREAKVQWKVDNALQSGNSQESVTEQDSKDSTYSLSSTLTLSKADYEKHKVYACEVTHQGLSSPVTKSFNRGEC:QVQLQESGPGVVKPSETLSLTCAVSGGSISDTYRWSWIRQPPGKGLEWIGYIYGSATSTYYNPSLSSRVTISKDMSKNQFSLNLNSVTAADTAVYYCARDYQYYYSGSYPTPHNWFDVWGPGVLVTVSSASTKGPSVFPLAPSSKSTSGGTAALGCLVKDYFPEPVTVSWNSGALTSGVHTFPAVLQSSGLYSLSSVVTVPSSGLGTQTYICNVNHKPSNTKVDKKVEPKSCDKTHHHHHHH
8k0d,QVQLQESGPGVVKPSETLSLTCAVSGGSISDTYRWSWIRQPPGKGLEWIGYIYGSATSTYYNPSLSSRVTISKDMSKNQFSLNLNSVTAADTAVYYCARDYQYYYSGSYPTPHNWFDVWGPGVLVTVSSASTKGPSVFPLAPSSKSTSGGTAALGCLVKDYFPEPVTVSWNSGALTSGVHTFPAVLQSSGLYSLSSVVTVPSSGLGTQTYICNVNHKPSNTKVDKKVEPKSCDKTHHHHHHH:DIQMTQSPSSLSASVGDRVTITCRASQGIIDYLSWYQQKPGKAPKLLISTASNLESGVPSRFSGSGSGTEFTLTISSLQPEDFATYSCLQGYTTPYTFGQGTKVEIKTVAAPSVFIFPPSDEQLKSGTASVVCLLNNFYPREAKVQWKVDNALQSGNSQESVTEQDSKDSTYSLSSTLTLSKADYEKHKVYACEVTHQGLSSPVTKSFNRGEC
8k3c,EVQLVQSGGGLVQPGGSLRLSCAASGFTVSSNYMSWVRQAPGKGLEWVSAISGSGGSTYYADSVKGRFTISRDNSKNTLYLQMNSLRAEDTAVYYCARDREDIVVVPAPRGYYYYYYMDVWGQGTTVTVSSASTKGPSVFPLAPSSKSTSGGTAALGCLVKDYFPEPVTVSWNSGALTSGVHTFPAVLQSSGLYSLSSVVTVPSSSLGTQTYICNVNHKPSNTKVDKKVEPKSCDKTS:QSVVTQPPSVSAAPGQKVTISCSGSSSNIGTNHLSWYQQVPGTAPKLLIYDNNKRPSGIPDRFSGSKSGTSASLAISGLQSEDEADYYCATWDDSLHAWVFGGGTKLTVLGQPKAAPSVTLFPPSSEELQANKATLVCLISDFYPGAVTVAWKADSSPVKAGVETTTPSKQSNNKYAASSYLSLTPEQWKSHRSYSCQVTHEGSTVEKTVAPTECS
8xc4,DIQMTQSPSSLSASVGDRVTITCRASQGIIDYLSWYQQKPGKAPKLLISTASNLESGVPSRFSGSGSGTEFTLTISSLQPEDFATYSCLQGYTTPYTFGQGTKVEIKRTVAAPSVFIFPPSDEQLKSGTASVVCLLNNFYPREAKVQWKVDNALQSGNSQESVTEQDSKDSTYSLSSTLTLSKADYEKHKVYACEVTHQGLSSPVTKSFNRGEC:QVQLQESGPGVVKPSETLSLTCAVSGGSISDTYRWSWIRQPPGKGLEWIGYIYGSATSTYYNPSLSSRVTISKDMSKNQFSLNLNSVTAADTAVYYCARDYQYYYSGSYPTPHNWFDVWGPGVLVTVSSASTKGPSVFPLAPSSKSTSGGTAALGCLVKDYFPEPVTVSWNSGALTSGVHTFPAVLQSSGLYSLSSVVTVPSSGLGTQTYICNVNHKPSNTKVDKKVEPKSCDKTHHHHHHH
8xps,EVQLVESGGGLVQPGGSLRLSCAASGFTFSSYAMSWVRQAPGKGLEWVSYISSSSSYTNYADSVKGRFTISRDNSKNTLYLQMNSLRAEDTASYYCARGLAGVWGIDVWGQGTLVTVSS
8xpy,EVQLVESGGGLVQPGGSLRLSCAASGFTFSSYAMSWVRQAPGKGLEWVSYISSSSSYTNYADSVKGRFTISRDNSKNTLYLQMNSLRAEDTASYYCARGLAGVWGIDVWGQGTLVTVSS
8xq3,EVQLVESGGGLVQPGGSLRLSCAASGFTFSSYAMSWVRQAPGKGLEWVSYISSSSSYTNYADSVKGRFTISRDNSKNTLYLQMNSLRAEDTASYYCARGLAGVWGIDVWGQGTLVTVSS

